大图编码,小图编码,版本,名称,中国区获得方法,国际服获得方法,说明
068501.tex,004501.tex,2.x,自走人偶001号,"三主城商会商店
海都下层(x9,y11)，沙都现世回廊(x10,y9)，森都新街(x11,y11)
贩卖价格：2400金币",,乌尔达哈的雕金匠行会在炼金术士行会的协力下开发制造的魔法自走人偶，这是其正式贩卖型。001号是泛用的基本型号，以此为基础衍生出了各种各样的改良版本。
068502.tex,004502.tex,2.x,巧儿陆行鸟,"三主城商会商店
海都下层(x9,y11)，沙都现世回廊(x10,y9)，森都新街(x11,y11)
贩卖价格：2400金币",,小巧可爱的陆行鸟雏鸟。把冒险者当成妈妈，一直跟着冒险者。它还会模仿冒险者穿戴装备，将蛋壳戴在身上。
068503.tex,004503.tex,2.x,爆弹仔,"三主城商会商店
海都下层(x9,y11)，沙都现世回廊(x10,y9)，森都新街(x11,y11)
贩卖价格：2400金币",,爆弹怪的幼体。爆弹怪是来自虚无界的气体生物，利用炼金术的技术可以对它们进行人工孵化。喜欢以木炭、青磷水、火属性水晶等各种燃料作为食物。基本上应该不会自行爆炸。
068504.tex,004504.tex,2.x,凯特西娃娃,积分兑换平台限时兑换,,在中原之民的民间传说里，有只叫做凯特西的妖精猫，这个玩偶就是模仿这个造型而做的。雕金匠行会的会长赛伦蒂碧提为了安抚失去父母的灵灾孤儿，把玩偶改造成了自走人偶。
068505.tex,004505.tex,2.x,贝希摩斯宝宝,积分兑换平台限时兑换,购买2.0典藏版,在乌尔达哈的路边上出售的奇特的幼兽，商人宣传说是传说中的魔兽贝希摩斯的幼崽。拥有紫色的身体和黑色的鬃毛，还有不怎么尖锐的角，但是却总想发出哼哼的叫声。不知它的父母到底是什么情况。
068506.tex,004506.tex,2.x,碧海人偶003号,"完成成就：「专研黑涡团笔记」后获得
成就条件：完成黑涡团讨伐笔记中的所有内容",,利姆萨·罗敏萨黑涡团的军用魔法人偶。基本设计是用来在阅兵式等场合担当旗手一职。站姿挺拔地举着团旗的样子十分威风。但是因为个子太矮，总是被人忽略。
068507.tex,004507.tex,2.x,密林人偶003号,"完成成就：「专研双蛇党笔记」后获得
成就条件：完成双蛇党讨伐笔记中的所有内容",,格里达尼亚双蛇党的军用魔法人偶。基本设计是用来在阅兵式等场合担当旗手一职。站姿挺拔地举着党旗的样子十分威风。但是因为个子太矮，总是被人忽略。
068508.tex,004508.tex,2.x,黄沙人偶003号,"完成成就：「专研恒辉队笔记」后获得
成就条件：完成恒辉队讨伐笔记中的所有内容",,乌尔达哈恒辉队的军用魔法人偶。基本设计是用来在阅兵式等场合担当旗手一职。站姿挺拔地举着队旗的样子十分威风。但是因为个子太矮，总是被人忽略。
068509.tex,004509.tex,2.x,黑涡团巧儿陆行鸟,20000黑涡团军票购买,,效忠于黑涡团的陆行鸟雏鸟。负责打扫的厩舍管理员在某天进入陆行鸟房时发现了这只雏鸟，它一副理所应当的样子把那里当作自己的家。之后它就成为了队里的吉祥物，并根据它自己的意愿调任到了冒险者部队。
068510.tex,004510.tex,2.x,双蛇党巧儿陆行鸟,20000双蛇党军票购买,,效忠于双蛇党的陆行鸟雏鸟。负责打扫的厩舍管理员在某天进入陆行鸟房时发现了这只雏鸟，它一副理所应当的样子把那里当作自己的家。之后它就成为了队里的吉祥物，并根据它自己的意愿调任到了冒险者部队。
068511.tex,004511.tex,2.x,恒辉队巧儿陆行鸟,20000恒辉队军票购买,,效忠于恒辉队的陆行鸟雏鸟。负责打扫的厩舍管理员在某天进入陆行鸟房时发现了这只雏鸟，它一副理所应当的样子把那里当作自己的家。之后它就成为了队里的吉祥物，并根据它自己的意愿调任到了冒险者部队。
068512.tex,004512.tex,2.x,魔界花骨朵,Lv47副本「毒雾洞窟黄金谷」掉落,,在黄金谷捕获的魔界花幼苗。散发出一股臭靴子的味道。闻过这股味道后必定会让人食欲减退，不过这却正好迎合了乌尔达哈那些为肥胖所困的富人，有钱人的世界真是让人难以理解。
068513.tex,004513.tex,2.x,小松鼠,"东萨纳兰：武器商 茶茶姆恩
仅在三连FATE跨天桥的死斗最后胜利时出售
贩卖价格：2400金币",,乌尔达哈的商人卖这只小动物时宣称是“可爱的小松鼠”。但是本应蓬松的尾巴却怎么看都太细长了。这真的不是拿老鼠来假冒的吗？真相依然是个谜。
068514.tex,004514.tex,2.x,魔菇宝,"Lv20FATE：无情的收割者 懒惰口花劳伦斯
黑衣森林东部林区(X23，Y29)
金牌奖励",,魔菇的幼体。据说口感相当不错。据?艾欧泽亚百科全书?记载，如果不幸吸入了魔菇的孢子，会因为孢子在体内发芽而连大脑都被支配，最终变成“植物人”的状态。
068515.tex,004515.tex,2.x,沙蚤虫虫,完成任务Lv22「遗迹调查前线」后获得,,沙蚤的幼虫，想要结下鲜血的契约。据传，过去存在于黑衣森林的地下城市“格尔莫拉”曾经试过一种自然疗法，他们相信利用沙蚤吸取病人的血，可以祛除体内的毒气。
068516.tex,004516.tex,2.1,青鸟,陈旧的毒蜥蜴革地图（G5）,,据说能够带来幸运的可爱小鸟。通常在树上筑巢，偶尔也会在人类弃置的木箱之类的东西里生活。因为这种习性，曾经在遗弃的宝箱里被发现，逐渐被传成了“意外之财”和“幸运”的象征。
068517.tex,004517.tex,2.x,幼羚羊,"摩杜纳：奥里亚娜（x22，y6）
7诗学兑换",,羚羊的幼崽。为了从肉食动物的嘴下逃生，一出生就能靠自己的力量站起来。但是却在这一瞬间被猎人捉住，卖给了商人罗薇娜。一刻都没能享受过父母的爱护，相当可怜。
068518.tex,004518.tex,2.x,小小魔精,"Lv49FATE：狂暴巨兽 强化奇美拉，
北萨纳兰(X17，Y14)
金牌奖励",,小魔精的幼体。本来是虚无界的生物，但因为掉进了“裂缝”而来到了艾欧泽亚。它边梦想着将来能成为统领七层地狱的魔王后衣锦还乡，边在艾欧泽亚实施恶作剧来积攒实力。
068519.tex,004519.tex,2.x,砂砾小像兵,Lv50 雕金制作,,模仿第五星历末期的石制巨像兵做出的模型，不过原理完全不同，内部和通常的自动人偶基本是一样的。外壳虽然看着很硬，但实际上意外的柔软。
068520.tex,004520.tex,2.x,精金幼龟,"捕鱼获得
拉诺西亚低地：砂盐滩",,生息在砂盐滩的精金龟的幼体。虽然它很想跟上主人，但可能是觉得爬行太费力，不知何时起练就了一手靠旋转龟壳来移动的本领。看起来很有成为贤者的潜质。
068521.tex,004521.tex,2.x,盗龙小宝,"黑衣森林南部林区：红腹蜂巢里的商人
FATE红腹蜂巢占领作战胜利后出售
贩卖价格：2400金币",,人工孵化出的盗龙幼崽。埋枝村的商人发现哥布林族饲养盗龙作家畜后，也试着人工养殖出来的成果。把它养大的话应该能成为可靠的伙伴。牙还没长齐也喜欢咬来咬去。
068522.tex,004522.tex,2.x,小蝙蝠,"拉诺西亚高地：诺诺卢恩
猎犬同盟驻扎地内FATE发生后一定时间出售
贩卖价格：2400金币",,梅梅卢恩商会的商人诺诺卢恩售卖的小蝙蝠。卖的时候他宣称这小蝙蝠新鲜可口，但外表却完全看不出这点。不过好处是带上它就会让人有种成为了吸血鬼的感觉。
068523.tex,004523.tex,2.1,树苗精,陈旧的巨蟾蜍革地图（G3）,,外形就是一个球根的草本魔物。因为对肥沃土壤和丰富阳光的追求，会用根当作脚来移动。如果掉进了沟坎或弃置的木箱里，就没法靠自己脱身了。
068524.tex,004524.tex,2.x,灰尘兔,"摩杜纳：奥里亚娜（x22，y6）
7诗学兑换",,魔石精的幼体。因为牙齿还没长好，吃不了较硬的矿石，以沙粒和小石子为食。“灰尘兔”是根据它那满身灰尘的样子起的昵称。最喜欢的是材质柔软的宝石。
068525.tex,004525.tex,2.x,无头骑士模型,Lv50 铸甲制作,,模仿妖异“无头骑士”的外形制作的魔法人偶。无头骑士其实是一种没有实体的妖异，附在板金铠之类的东西上才能在物质界活动。而这个人偶的肚子里则是填满了机械部件，盔甲就是用来掩饰这些的。
068526.tex,004526.tex,2.x,巨蝌蚪,"捕鱼获得
东萨纳兰：火墙",,在萨纳兰的水边钓到的巨蟾蜍幼体。过段时间应该就会开始长脚，慢慢长成一只巨蟾蜍了吧。但要是看它长大了就丢掉的话，周边要是有人失踪可就都是你的错了，所以一定要负起责任一直养下去啊！
068527.tex,004527.tex,2.x,胖墩跳蜥,"Lv39FATE：归来的复仇者 史特洛佩斯
库尔札斯中央高地(X15，Y20)
金牌奖励",,跳蜥的幼体。这只小动物的故乡是库尔札斯地区，在它即将成为独眼巨人史特罗佩斯的盘中餐时，被冒险者救了下来。在它长大爆发野性之前，大概都不会忘记冒险者的恩情吧……
068528.tex,004528.tex,2.1,小牛犊,完成任务Lv50「收拾沙之家的行李」后获得,,住在沙之家的仓库一角的小水牛，直到搬迁时才被发现。因为不知道主人是谁，被交给冒险者来照顾。看起来肉质很鲜嫩。
068529.tex,004529.tex,2.x,幼小仙人掌,完成任务Lv47「尸念之情」后获得,,幼小的仙人掌。僵尸哈布一直以为它是仙人掌1号和2号的孩子，但实际上，它却是仙人掌3号和2号之间年轻时犯下的错误所造成的后果……
068530.tex,004530.tex,2.x,小壳蟹,"Lv32FATE：死亡的假面 黄道巨蟹
东拉诺西亚(X30，Y34)
金牌奖励",,小小的螃蟹。在鲜血滨的海边休息时，被卷进了冒险者和魔物的战斗，被踩了一脚后失去了意识。战斗之后被当成战利品带回来饲养。每天都在横行霸道。
068531.tex,004531.tex,2.x,小亮眼,购买月卡累积满足2个月,,年幼的妖异“冥鬼之眼”。根据妖异学者的研究，这种妖异的幼体好像是从成熟个体的泪水中诞生的，这说法尚未得到验证。因为一直不眨眼，把它带在身后的话有可能会被盯得浑身不自在。
068532.tex,004532.tex,2.x,渡渡鸟雏,"摩杜纳：奥里亚娜（x22，y6）
7诗学兑换",,原产自马兹拉雅岛的渡渡鸟的雏鸟。因为除去了毒腺，无法再喷毒气。越长越圆，看起来就很好吃，如果将来下蛋的话也是个很好的食材来源。它的成长真是很令人期待。
068533.tex,004533.tex,2.x,矿爬虫虫,"采矿获得，ET9:00
东萨纳兰：LV50未知的矿场",,矿爬虫的幼虫。为了成长所需的矿物质，成天都吸附在岩石上不肯离开。在矿爬虫栖息的区域里，采矿时经常就能发现这些贪婪的幼虫。
068534.tex,004534.tex,2.x,小山羊玩偶,Lv50 裁衣制作,,模仿山羊外形的魔法人偶。在库尔札斯的民间传说里，山羊经常被描绘成贪吃的形象，但在沙漠之民之间却象征着富贵。因此在有孩子出生时，为了表示希望他将来富贵腾达，有着赠予大山羊玩偶的风习。
068535.tex,004535.tex,2.28,幼碧企鹅,完成成就「见多识广的探索者」,,碧企鹅的幼鸟。米莉丝与乔纳森为了对冒险者的探索成就表达敬意而特别献上的礼物。说来米莉丝与冒险者所邂逅的地方也正好是在碧企鹅瀑布来着，不过这只小鸟对这些情况都一无所知啦。
068536.tex,004536.tex,2.x,发芽小猩猩,完成Lv33任务：「人的命运，酒的命运」后获得,,古菩猩猩的幼崽。还在发育期，头顶的植物才刚刚发芽。作为一种食量巨大的魔物，喂养它长大需要消耗的食物量不计其数，掂量下钱包吧。
068537.tex,004537.tex,2.x,一口小果冻,Lv50副本「神灵圣域放浪神古神殿」掉落,,小小的软糊怪。这种生物会分裂增殖，如果将它收在容器里，打开时就会发现被它们填满了。据说它的祖先不是紫色，而是黑色的。
068538.tex,004538.tex,2.x,魔导先锋追踪型,Lv50 雕金制作,,雕金匠行会引以为豪的大比例模型第一弹。以1/9的比例完美再现了加雷马帝国的无人机魔导先锋追踪型。该包装没有附带帝国驾驶员。
068539.tex,004539.tex,2.x,恶魔砖块,Lv50副本「邪教驻地无限城古堡」掉落,,施加了魔法而变得可动的方块。好像是古代无限城里的见习妖术师们制作的练习作品。他们通过在这样的小砖块上进行修行，最终做出了整面墙壁大小的恶魔墙。
068540.tex,004540.tex,2.3,大头小鼹鼠,完成任务：「鼹鼠的秘密」后获得,,在王立娜娜莫菜园捕获到的鼹鼠幼崽。被博物学家马尔塞特当做实验体来证明自己的学说，遭了很长时间的罪。现在和冒险者非常亲近，但是完全没有意识到是谁杀掉了自己的生母。
068541.tex,004541.tex,2.x,睡羊羊,2015年「降神祭」奖励,2014年「降神祭」奖励,在降神节期间遇到的小羊。因为违背主人的命令导致生命垂危，后来在冒险者引发的奇迹下重新恢复了活力，不过却也失去了原本的魔法之力。今后再也不用被当做军用实验品了。
068542.tex,004542.tex,2.x,小小蔓德拉,"园艺获得，ET21:00
黑衣森林东部林区：LV50未知的草场",,蔓德拉的幼体。在绿地丰富的地方除草时，偶尔会发现刚发芽的幼小蔓德拉。如果硬把它从土里拔出来的话，发出的嚎叫声可能会让人发狂。除草时一定要多加注意。
068543.tex,004543.tex,2.3,哥布林玩偶,积分兑换平台限时兑换,累积充值450天,仿照哥布林英雄布雷福洛克斯而制作的魔法人偶。原本是用于宣传其各种伟大事迹的，可是不知道为什么刻上了科学家集团“青蓝之手”的标记。
068544.tex,004544.tex,2.x,手指光标,官方活动奖励,累积充值30天,据说是模仿了古神造型的魔法人偶。某个哥布林的神学者在烂醉之后宣称这个世界是编号第14的世界，在最初的那个世界里，万物主宰的姿态就是个指指点点的白色手套。
068545.tex,004545.tex,2.x,无敌号模型,完成Lv15任务：「海之都与森之都」、「海之都与沙之都」、「森之都与沙之都」后获得,,飞空艇的模型。原型是高风飞行社的创始人塔塔诺拉建造的无敌号飞空艇，因为这艘船沿用了大型船只的设计，最终根本不能飞，浪费了大量的钱财，也是一段传说了。
068546.tex,004546.tex,2.x,卢恩人玩偶,Lv50 裁衣制作,,以利姆萨·罗敏萨著名的卢恩族街头艺人扎扎卢恩为原型的魔法人偶。扎扎卢恩虽然红极一时，但最后却欠下一身债务。他后来为生活所迫，将自己的肖像使用权卖给了裁衣匠行会。
068547.tex,004547.tex,2.x,发条卫月,积分兑换平台限时兑换,,模仿卫月造型的魔法人偶。曾经有个莽撞的音乐家想要去挡住卫月，结果自然是灰飞烟灭。雕金匠行会为了对他表示哀悼，制作了这个魔法人偶。内部材质不明。
068548.tex,004548.tex,2.x,巧儿黑陆行鸟,积分兑换平台限时兑换,,小巧可爱的陆行鸟雏鸟。孵化出来时本来是黄色的，但是某天却被一个戴着银色首饰的男人染成了黑色。从那时起就作为黑陆行鸟生活了，最喜欢曼波舞曲。
068549.tex,004549.tex,2.1,妖精娃娃,"要求妖精族声望到达：信赖
贩卖价格：25000金币",,模仿妖精族外形的魔法人偶。材质是上等的妖精绢布，上面还施加了妖精族的独特咒文。外表非常可爱，好像是仿照着刚出生不久的“神子”来做的。
068550.tex,004550.tex,2.1,小狼,完成任务Lv15「拯救小狼犬」后获得，前置任务「海港的野兽们」,,被救下的小狼。血统纯正，是接受过正规军用训练的战狼的后代，自信而听话，是值得信赖的好伙伴。漆黑的王狼是它的偶像，期待着在战场上大展身手。
068551.tex,004551.tex,2.1,粘液胶,Lv50副本「骚乱坑道铜铃铜山」掉落,,其实就是被打散了的粘液怪。在挖掘工程中的污水池里自然产生的魔物，是采矿工们非常忌惮的对象。但是也有某部分奇怪爱好的人觉得粘液怪很有个性很可爱。
068552.tex,004552.tex,2.1,长须小豹,完成任务Lv15「魔兽守护之物」后获得，前置任务「海港的野兽们」,,傲气的长须豹的幼崽。在被猎犬逼入绝路时得到了冒险者的救助，从而把冒险者当成了妈妈。因为幼小还没有长出胡须，但是在面对冒险者的敌人时，也会毫不留情地用豹爪来迎战。
068553.tex,004553.tex,2.1,冬贝利玩偶,陈旧的野猪革地图（G4）,,模仿冬贝利的外形制作的魔法人偶。虽然看着很可爱，但在制作时也注入了很强的怨念。因此，在主人睡着时会擅自动起来，并且拿手里的菜刀捅主人肚子，万幸的是这菜刀也是布制的。
068554.tex,004554.tex,2.1,蜥蜴人玩偶,"要求蜥蜴人族声望到达：信赖
贩卖价格：25000金币",,模仿蜥蜴人族外形的魔法人偶。是灰党的锻铁匠纳尔基·冬参考冒险者带去的自走人偶后制造出来的。虽然是做来玩的，却也贯彻着灰党追求至强的精神，是一个坚强的战士。
068555.tex,004555.tex,2.1,巨像丙,未知,2014年DQ10联动奖励,在艾欧泽亚出现了未知的巨像兵，前去调查的人发现了这只小家伙，看它好像很想成为同伴就收留了它。巨像丙是当时给它取的昵称。
068556.tex,004556.tex,2.1,香托托人偶,未知,2014年FF11联动奖励,黑色恶魔留下的魔法人偶，气派非凡。制作者在其中灌输了强大的魔力，让它能够像活物一样自由行动。如果将它丢弃的话好像会遭到诅咒，请切记。
068557.tex,004557.tex,2.1,艾德薇雅人偶,道具商城购买,莫古站商城购买,人偶的原型是索恩朝时代的艾德薇雅公主。是为了在女儿节期间开办的公主人偶大赛上展出而制作的。和它的原型一样，对外面的世界充满了好奇心。
068558.tex,004558.tex,2.1,光之战偶,购买月卡累积满足6个月,累积充值180天,以古代的“光之战士”为原型的魔法人偶。在传说里，世界被黑暗笼罩时，突然出现了一群拥有各种能力的年轻人，据说他们在拯救了这个世界后就返回了他们的世界。留下的只有他们给万物带来的光芒……
068559.tex,004559.tex,2.1,袖珍领袖,2015年中秋登陆活动奖励,累积充值270天,各城邦的大国防联军为了进行宣传而制作的魔法人偶，颁发给了对组织有突出贡献的人。原型就是各自的领袖：黑涡团的梅尔维布提督、恒辉队的劳班局长、双蛇党的嘉恩·艾·神纳。
068560.tex,004560.tex,2.1,巧儿陆行鸟王子,"完成成就：「令人铭记2」后获得
成就条件：累积获得50次最优队员推荐",,小巧可爱的陆行鸟小王子。据说是继承了伊修加德的陆行鸟之王的血脉。它正在寻找有名的冒险者，并判断对方是不是有资格乘坐自己。
068561.tex,004561.tex,2.2,夺心小魔,"战斗仆人：平地G13；采矿仆人：山岳G13；园艺仆人：森林G13；捕鱼仆人：水岸G13
Lv50副本「腐坏遗迹无限城市街古迹」掉落",,雇员捡回来的奇怪生物。还挺亲近对它好的人。但根据妖异学者所说，它好像是以死者遗骸为媒介来到物质界的妖异夺心魔的幼体，会以人的精神为食。有种不可名状的恐怖……
068562.tex,004562.tex,2.4,不说话的蜂鸟,Lv50副本「逆转要害沙斯塔夏溶洞」掉落,,麦迪逊船长所饲养的蜂鸟。虽然腹部受伤很严重，不过借由水神之力与主人一起重新复活，并卷土重来回到了沙斯塔夏溶洞。因为现在再也没必要称赞船长了，所以几乎不怎么说话了。
068563.tex,004563.tex,2.2,地灵娃娃,"要求地灵族声望到达：信赖
贩卖价格：25000金币",,模仿地灵族外形的魔法人偶。实际上是第789团辅祭巴戈为了让敌人大意而制造的人形炸弹。因为第789团商人随意地给拿来当作商品，所以肚子里面的危险炸弹并没有被拆除。
068564.tex,004564.tex,2.2,鱼人玩偶,"要求鱼人族声望到达：信赖
贩卖价格：25000金币",,模仿鱼人族外形的魔法人偶。诺布一伙的兄长们造出来给弟弟们玩的东西。手中持有捕鱼用的三叉戟，将鱼人族战士的形貌表现得惟妙惟肖。但是不能下水。
068565.tex,004565.tex,2.2,发条太阳,西拉诺西亚：幻影群岛(X12，Y36)，魔法罐用圣灵药进行交换,,可以用“戳指”来调整其高度的发光灯。因为乌尔达哈的某位贵妇感觉强光可以掩饰自己脸上的小皱纹，所以非常想要一个可以始终浮在空中的自动发光器。这个小太阳就是炼金术士行会为此而做的。
068566.tex,004566.tex,2.2,软软垫子,Lv50 裁衣制作,,裁衣匠行会制作的最高级软垫。由号称对屁股感受最有研究的裁衣匠行会会长雷多伦特·罗斯亲自缝制，据说坐上去的感受舒服无比。
068567.tex,004567.tex,2.2,光之战士,积分兑换平台限时兑换,累积充值360天,以传说中的光之战士为原型的魔法人偶，身披青蓝战甲。制作这套战甲时，雕金匠行会参考了最近在水晶塔出土的古代亚拉戈风格的骑士铠。
068568.tex,004568.tex,2.2,奥丁战偶,积分兑换平台限时兑换,累积充值360天,以在黑衣森林里出现的斗神奥丁为原型的人偶。手里的斩铁剑，胯下的爱马斯莱普尼尔都得到了完美还原。不过那斩铁剑其实是竹子做的。
068569.tex,004569.tex,2.2,发条巴哈姆特,法外战区PVP大赛冠军队伍奖励,,从摔坏的发条卫月中出现的奇怪物体。制作发条卫月的雕金匠行会声称当初并没有在里面放进这样的东西。这个小东西的来历还真是充满了谜团。
068570.tex,004570.tex,2.2,奥猴宝宝,Lv50副本「纷争要地布雷福洛克斯野营地」掉落,,奥猴的幼崽。在觅食时进入了布雷福洛克斯野营地，并发现了哥布林奶酪，想吃的时候却没承受住奶酪的臭味而昏倒。因为被冒险者所救，而把冒险者看作恩人。
068571.tex,004571.tex,2.2,魔法扫帚,Lv50 刻木制作,,施加了魔法的扫帚。到处动来动去的进行打扫，但是因为前进的方向太随性，从来都没能打扫干净。但能让这么一个直立的棍状物体自由行动，上面蕴含的技术力其实非同一般。
068572.tex,004572.tex,2.2,莫古力娃娃,道具商城购买,,以莫古力族为原型的魔法人偶。据说是莫古力族在看到冒险者身边的自走人偶后，非常羡慕，于是就用魔法做出来的。和真的莫古力一样喜欢音乐，和同伴聚在一起的话就会自动围成一圈跳舞。
068573.tex,004573.tex,2.3,雏鸟祖,"10,000金碟币 兑换",,怪鸟祖的雏鸟。祖原本是在近东地区与艾欧泽亚之间随季节迁徙的鸟类，通常是在近东地区产卵。不过在灵灾之后艾欧泽亚的气候也变得适合它们产卵了。
068574.tex,004574.tex,2.35,鸟人玩偶,"要求鸟人族声望到达：誓约
贩卖价格：25000金币",,长风空力团的团员们学习人类的技术做出来的魔法人偶。参考了塔塔拉姆所带来的雕金匠行会的人偶，做出了又野性又邪气的成品。脾气简直和它的制作人们一个模子出来的。
068575.tex,004575.tex,2.3,梦魔娃娃,同盟徽章500 兑换,,某位被逮捕的雕金匠所持有的魔法人偶，看来这个人是真的被梦魔给吸引住了，甚至不惜打破禁忌企图召唤异界的妖异。
068576.tex,004576.tex,2.3,小小吉尔伽美什,购买月卡累积满足12个月,累积充值540天,某位艾欧泽亚最强的雕金匠在自己家里修理魔法人偶时顺便用多余材料制作的东西。外型和他儿子的好友一模一样。可能他在制作的时候会想请对方多多照顾自己的儿子？
068577.tex,004577.tex,2.3,洋葱王子,杂交获得,,在得知了自己的双亲结婚为了政治而不是为了爱情之后，洋葱王子立誓不会走上父母的老路，他将会与出身贫寒的韭菜女仆一起远走高飞。
068578.tex,004578.tex,2.3,茄子骑士,杂交获得,,茄子家族已经忠心耿耿地侍奉番茄王家18代了，从未有过丝毫违逆的举动，直到第19代骑士对蔓德拉王后……
068579.tex,004579.tex,2.3,蒜头明星,杂交获得,,一位旅行默剧演员的孩子，虽然继承了父亲“蒜头明星”的名号，但他却不想沿着父亲的路走下去。然而，因为自身的气味过于刺激，导致他无法成为一名骑士，只好干回了老本行。
068580.tex,004580.tex,2.3,番茄国王,杂交获得,,灵灾让番茄国王失去了他的全部领土，但是这位国王并没有抛弃他的雄心壮志。他带着大量的种子启程去寻找一块新的大地建立自己的王国，并且宣称任何球茎、块茎和主根都可以加入他的队伍。
068581.tex,004581.tex,2.3,蔓德拉王后,杂交获得,,命中注定要和一个非她所爱的人结合，蔓德拉王后没有任何一个夜晚不曾梦到过舍弃一切投身大海的怀抱。直至她看到了茄子骑士……
068582.tex,004582.tex,2.3,洋葱小骑士,Lv50副本「水晶塔：希尔科斯塔」掉落,,在水晶塔内发现的小型魔法人偶。拉姆布鲁斯认为这可能是古代亚拉戈帝国仿照洋葱亲卫队士兵的形象做出的玩具。人偶的脚下写着“鲁内斯”，不知道是玩偶的名字还是主人的名字。
068583.tex,004583.tex,2.3,宝宝箱,同盟徽章440 兑换,,原本是一名军人用来存放自己所获得的同盟徽章的，可是后来她发现存放到里面的徽章全都被宝箱给吃掉了。于是她卖掉了这个诡异的宝箱，以期望能够收回些损失。
068584.tex,004584.tex,2.3,小梦貘,战斗仆人：平地G14/G15/G16/G17,,东方的一种珍兽，有着能够吞食梦境的能力。据说当年在乌尔达哈曾经与睡衣的面料一起作为“安眠良品”配套出售。结果短时间内就被炒到了极高的价格。
068585.tex,004585.tex,2.3,娜娜珂小熊,Lv50 裁衣制作,,在大概80年前，乌尔达哈的娜娜珂公主有着一个想要亲眼看一看熊这种生物的愿望，可是人们找遍全国上下也没有找到真正的熊，于是雕金匠行会在娜娜珂公主的8岁生日时献上了一个手工的熊娃娃作为礼物。
068586.tex,004586.tex,2.3,发条矿车,采矿仆人：山岳G14/G15/G16/G17,,扭上发条就能够来回跑的小矿车。是艾玛吉娜矿山公司为了从小教育孩子们“劳动最光荣”而开发出来的玩具。有很多孩子非常珍惜这个小矿车，看来以后会成为一名出色的劳动者。
068587.tex,004587.tex,2.3,食果花鼠,鞣革制的隐藏地图（隐藏G1）,,探险家米莉丝·艾恩哈特在探索威尔布兰德岛的时候发现的一只小花鼠。据她说这只小花鼠为了寻找传说中的金帽橡果而在世界各地游荡。如果能和著名的探索家一起旅行是最好不过的了。
068588.tex,004588.tex,2.3,迷你敏菲利亚,道具商城购买,莫古站商城购买,冒险者行会为了庆祝艾欧泽亚的重生而设计的魔法人偶。以拂晓血盟的盟主敏菲利亚为模特。想想当年经常被她呼来喝去的，现在可以随时随地尽情招呼她了。
068589.tex,004589.tex,2.3,迷你桑克瑞德,道具商城购买,莫古站商城购买,冒险者行会为了庆祝艾欧泽亚的重生而设计的魔法人偶。以拂晓血盟的贤人桑克瑞德为模特。相信有很多迷恋或暗恋他的女性都会爱不释手。
068590.tex,004590.tex,2.3,淘气南加,Lv50副本「藏宝传说破舰岛」掉落,,宁基南加的幼崽，这种两栖类动物的雌性会把产下的蛋背在自己的背上，不过这只小南加好像是在母亲的背上打瞌睡的时候不小心掉下来的……
068591.tex,004591.tex,3.25,熊猫宝宝,2015年春节奖励,莫古站商城购买,桃源老师与其侍从艳丽小姐赠送的东方珍品。这是以名为熊猫的珍兽为原型而制作的魔法人偶。熊猫生活在东洲奥萨德次大陆的边境地区，据说其实是一种猛兽，但那圆润可爱的形象实在是很讨人喜欢，相信很快也会吸引住艾欧泽亚人的目光。
068592.tex,004592.tex,2.35,开创者人偶,"要求所有2.X系列所有蛮族声望到达：盟友
并完成任务「友谊地久天长」
贩卖价格：25000金币",,模仿蜥蜴人族历史上著名的太阳拳凯里古·秋所制作的人偶。据说他是蜥蜴人古武术的开创者，拳术能够发出太阳一般的光辉，在战场上从未尝过一败。即使是哈姆基·夏也对其十分敬重。
068593.tex,004593.tex,2.35,紫妖精娃娃,"要求所有2.X系列所有蛮族声望到达：盟友
并完成任务「友谊地久天长」
贩卖价格：25000金币",,模仿坏妖精外形所制作的魔法人偶。暂留地的妖精们设计出这个主要是为了对坏妖精进行恶作剧报复。为了让颜色更加逼真，他们尝试了很多种染料，最后终于选中了紫色的大头菜。
068594.tex,004594.tex,2.35,小小迪兹尔,"要求所有2.X系列所有蛮族声望到达：盟友
并完成任务「友谊地久天长」
贩卖价格：25000金币",,迪兹尔·库瓦兰既是一位伟大的工程师，也是赛兹尔·托托罗克的恩师。据说他曾经自己建造了一架超大型气球，并且乘着这架气球出发去寻找传说中的浮游大陆阿亚特兰，可惜从那之后杳无音讯。
068595.tex,004595.tex,2.35,地灵2号娃娃,"要求所有2.X系列所有蛮族声望到达：盟友
并完成任务「友谊地久天长」
贩卖价格：25000金币",,第789团辅祭巴戈开发出的新型炸弹，最大的特征是采用了和地灵族相似的外型，同时爆炸的威力也特别高。可是因为第789洞穴团的商人的擅自行事，这批危险的炸弹又返回到制作者的手中……
068596.tex,004596.tex,2.35,迷你海魔,"要求所有2.X系列所有蛮族声望到达：盟友
并完成任务「友谊地久天长」
贩卖价格：25000金币",,诺布老爹当初以红珊瑚海魔之名威震四海，不过现在却被他自己用来当做反面教材教育后代，为了能够更精妙地表现老爹当初的英勇形象，家族内的兄长们制作出了这个人偶。
068597.tex,004597.tex,2.38,企业号模型,积分兑换平台限时兑换,实体特典,加隆德炼铁厂制作的飞空艇模型。原型是天才机械师西德在帝国时设计建造的“企业号”。模型设计得十分精巧，连尾部的作业臂都完美再现了出来，并且随船附送小小西德。
068598.tex,004598.tex,2.38,邮差莫古力娃娃,道具商城购买,实体特典,无论何时何地，邮差莫古力都会将信件完好无损地送到收信人手中。头上的帽子和身上的背包是最明显的标志。
068599.tex,004599.tex,2.45,迷你娜娜莫,购买月卡累积满足15个月,累积充值630天,乌尔达哈第十七任国王的魔法人偶。在庆祝女王在位十周年时，雕金匠行会专门设计过一个款式，能够充分表现出当时15岁的娜娜莫陛下小巧可爱的形象。这款人偶采用的也是同样的设计。
068600.tex,004600.tex,2.38,迷你雅·修特拉,道具商城购买,莫古站商城购买,拂晓的塔塔露小姐向乌尔达哈的雕金匠行会定制的雅·修特拉魔法人偶。双脚穿的靴子是由飞·乌尔工作室特别提供的精品皮革。
068601.tex,004601.tex,2.38,迷你伊达,道具商城购买,莫古站商城购买,拂晓的塔塔露小姐向乌尔达哈的雕金匠行会定制的伊达魔法人偶。据说连面具下面也制作得十分精妙，但是无论怎么样都无法把面具摘下来……
068602.tex,004602.tex,2.38,迷你帕帕力莫,道具商城购买,莫古站商城购买,拂晓的塔塔露小姐向乌尔达哈的雕金匠行会定制的帕帕力莫魔法人偶。看上去真是既小巧又可爱，让人完全不愿意去想原本的模特已经是个40多岁的大叔了。
068603.tex,004603.tex,2.45,迷你于里昂热,道具商城购买,莫古站商城购买,拂晓的塔塔露小姐向乌尔达哈的雕金匠行会定制的于里昂热魔法人偶。因为于里昂热坚决拒绝摘下帽子，所以里面的头发没有还原出来。
068604.tex,004604.tex,2.4,迷你奥尔特罗斯,Lv50副本「艾玛吉娜杯斗技大会决赛 」掉落,,最强雕金匠戈德伯特原本想要以软体动物的概念设计一款指环，可是不知道什么时候一不小心做出了这个东西。甚至连喜欢小妹子的个性也完全还原了出来。
068605.tex,004605.tex,2.45,雪孩子,道具商城购买,莫古站商城购买,模仿雪人的外型做出的魔法人偶。在星芒节期间，一位留着白胡子的匿名绅士专门为小朋友们做出了这款礼物。非常喜欢冰冷的东西，更喜欢别人对它投雪球。
068606.tex,004606.tex,2.4,胖儿陆行鸟,"20,000金碟币 兑换",,按理来说陆行鸟是几乎不可能仅靠吃野菜变成这么胖嘟嘟的样子的。这只小鸟也确实食欲旺盛，说不定将来什么时候就会把武器装备也给吃下去了。
068607.tex,004607.tex,2.4,猫小胖,捕鱼仆人：水岸G14/G15/G16/G17,,又小又胖的小猫崽。原本好像是城市里的小野猫，不过因为某个雇员每次工作结束后都会喂给它一些剩余的食物，久而久之便成了现在这样了。
068608.tex,004608.tex,2.4,小脚雪人,园艺仆人：森林G14/G15/G16/G17,,幼小的雪人，是被一名上山寻宝的雇员发现的。当时这只小可怜既没有父母的呵护也没有果腹的食物，于是那名雇员将自带的食物分给了它一些。小雪人好像非常高兴，并一直跟着雇员回到了城里。
068609.tex,004609.tex,2.4,小木乃伊,Lv50副本「苏醒遗迹喀恩埋没圣堂」掉落,,在喀恩埋没圣堂中的一个小小的棺材里发现的小人偶。身上缠满绷带毫不影响它像有生命一样活动。虽然没人知道它到底为什么能活动，但是也没人有足够的勇气去把绷带拆开……
068610.tex,004610.tex,2.4,暗斗鱼苗,忍斗鱼分解 获得,,在分解忍斗鱼的时候突然发现这条小鱼躺在其中一条的肚子里。可能是在大鱼的胃里这段经历使得小鱼苗宁可学会飞行也不愿意再回到水中了。但是每次走到水边时好像还是会有些怀念的反应。
068611.tex,004611.tex,2.51,河童童,"10,000金碟币 兑换",,货真价实百分百保证是真的河童。虽然你可能会以为是一个魔法人偶，但是只要你仔细看了就会发现，这极有可能是被古代魔法变成河童的人类。可他（或者说是她？）到底是什么人呢？至今仍然是一个谜。
068612.tex,004612.tex,2.4,迷你路易索瓦,"完成成就：「称霸最终大迷宫1」后获得
成就条件：成功挑战巴哈姆特大迷宫真源之章",,模仿贤者路易索瓦的外型所制作的魔法人偶。为了纪念这位牺牲自己阻止卫月坠落的伟人，雕金匠行会特地制作了这款精巧的人偶。
068613.tex,004613.tex,2.45,祝福礼盒,永结同心黄金方案或白金方案来宾奖励,,原本是打算送给来宾们包装好的恶魔砖块，可是因为内部构造没有解明而失败了。现在这种虽然里面好像有些奇怪的东西，不过不要介意！情义在就好！
068614.tex,004614.tex,2.51,长须小黑豹,"20,000金碟币 兑换",,长须豹的幼崽。通常的长须豹都是普通的毛皮带有黑色的斑点，这只小豹却有着纯黑的毛皮，实在是非常漂亮。另外它本身还带有很高的魔力，一举一动都显现出幼年王者的风范。
068615.tex,004615.tex,2.5,非正宗调查员,完成任务：「随风而逝的结局」后获得,,模仿无知无畏的非著名绅士调查员希尔迪布兰德制作的魔法人偶。据说是艾欧泽亚最强的雕金匠由于思念远在天边的爱子而倾情制作出来的。最令人感到吃惊的是这款人偶竟然也带着助手娜修。
068616.tex,004616.tex,2.5,自律型魔导浮游炮,Lv50 锻铁制作,,还原度极高的玩具模型，精巧地将加雷马帝国的无人浮游炮还原了出来。怎么样？是不是比你的技术强多了？……加隆德！
068617.tex,004617.tex,2.5,暗淡之云,Lv50副本「水晶塔：暗之世界」掉落,,在暗之世界捡到的魔法人偶，看上去感觉和“梦魔娃娃”有一些相似。说起来当年有一位雕金匠因为召唤妖异未遂而被逮捕，出狱之后却消失得无影无踪。人们只知道他家里的留言写着“我要启程前往异界去探求美的真谛”……
068618.tex,004618.tex,2.5,尘世幻龙,完成Lv50任务：「前往密约之塔」后获得,,世界最初之龙，所有龙族的始祖，尘世幻龙为了观察光之战士的行动而创造了这个分身，小龙能够将自己所见的一切原封不动地传达给身处银泪湖的本体。样子虽然小，却有着非常苍老浑厚的声音。
068619.tex,004619.tex,3,迷你阿尔菲诺,完成Lv51任务：「搜寻伊塞勒」后获得,,模仿莱韦耶勒尔家大少爷的外型所制作的魔法人偶。原本是水晶义勇队的会计官为了筹备资金而偷偷制作出来的，可是却被总帅本人发现，并强行禁止了贩卖。结果现在在仓库里堆成了一座山。
068620.tex,004620.tex,3.01,迷你阿莉塞,道具商城购买,,模仿莱韦耶勒尔家大小姐的外型所制作的魔法人偶。因为仓库中堆积的阿尔菲诺人偶太多，所以有些独立商人便进行了少量的加工，改成少女人偶重新发售。据制作者说，改造的成本简直低得不要钱一样。
068621.tex,004621.tex,2.5,恩奇都,Lv50副本「无限城的死斗」掉落,,当初剑豪吉尔伽美什在旅行途中由于饥饿而从农家偷了一只鸡出来。但是他却完全不懂要如何进行烹调。正在他准备生吃的时候遭到了这只鸡猛烈的反击。鸡的强硬态度令剑豪肃然起敬，并且决定带着这只威猛的鸡一同旅行。
068623.tex,004623.tex,3.x,萌神乐团,道具商城购买,实体特典,有个莫古力做梦都想要结成一支吟游诗人乐队，因此制作了该乐团用于伴奏。连微型乐器都给做好了，没想到它们并不会演奏。另外，由于乐队内部对音乐见解不一致，导致这支乐队还没出道就解散了。
068624.tex,004624.tex,3.x,黑巧儿信差,官方活动奖励,购买3.0典藏版,纯天然黑色羽毛品种的陆行鸟有着在空中飞行的能力。这只小鸟为了证明自己不是涂色的赝品，每天都在努力练习飞行。
068625.tex,004625.tex,3.x,迷你凯因,3.0开服纪念道具,预购3.0典藏版,模仿古代传说中的龙骑士所制作的魔法人偶。每一个伊修加德的孩子都听过凯因的传奇。为了能够重现传说中的跳跃，制作者特地在人偶体内加入了偏属性水晶。跳跃虽然被完美还原，但是也导致了人偶经常会做出一些诡异的举动。
068626.tex,004626.tex,3.01,迷你塔塔露,道具商城购买,,模仿拂晓血盟永远的接待员所制作的魔法人偶。塔塔露本身还兼任血盟的财务管理员，虽然人偶是她亲自找上雕金匠行会委托制作的，不过这绝对不是私用公款！做这些人偶都是为了向提供情报的商人们表示感谢！
068627.tex,004627.tex,3.x,迷你西德,完成Lv57任务：「来自北方之人」后获得,,模仿天才机械师西德所制作的魔法人偶。由加隆德炼铁厂的代理厂长亲自设计并贩卖的商品。由于非常畅销，导致厂里人都觉得“这东西比厂长还能挣钱吧”。
068628.tex,004628.tex,3.x,独角幼兽,Lv57副本「圣教中枢 伊修加德教皇厅」掉落,,独角兽的幼崽，被饲养在伊修加德教皇厅的庭院里。额头上的角内蕴含力量，可以用来净化仪式用的圣水。冒险者攻入教皇厅时，它决定趁乱脱逃，去见识一下更广阔的世界。
068629.tex,004629.tex,3.x,小小阿托莫斯,Lv60 炼金制作,,小小的阿托莫斯，在宝箱里找到它时它还是个抽搐的肉片。随便喂了它点有营养的素材没想到它竟然长大了。只要是冒险???扔的东西它都会吸走，吸引力不可小觑！
068630.tex,004630.tex,3.x,猫头小鹰,Lv60副本「博物战舰 无限回廊」掉落,,枭的幼鸟，作为镜骑士型合成生物的材料被展示在博物战舰里。由于受到了品种改良，它十分聪明，喜欢读书。最近它的爱读物是八卦杂志?渡鸦周刊?。
068631.tex,004631.tex,3.x,丑小鸭,Lv60副本「空中神域 不获岛」掉落,,自称白天鹅的幼鸟。出生于瓦努族的神域不获岛，因忍受不了坏心眼的兄弟姐妹的欺负而决心踏上旅途。不过由于它飞不起来，只能让冒险者保护它。不论做什么事都小心翼翼，十分慎重。
068632.tex,004632.tex,3.x,风筝小猫,Lv53副本「天山绝顶 阿尔灵峰」掉落,,风筝猫的幼崽，在索姆阿尔灵峰的山里迷了路，被冒险者收养。虽然身后的翅膀怎么看都像是背上去的，但只要想去拿下来它就会十分不开心。也有人说它其实是下级妖异……
068633.tex,004633.tex,3.x,发条推车,Lv60 刻木制作,,小小的发条手推车。本是园艺工行会为奖励基萨尔野菜大赛的获胜者，而向古橡大堂订制的奖品，但由于其乱丢野菜遭到非议，现在已被回收在仓库里压箱底。
068634.tex,004634.tex,3.x,小熊猫,Lv55副本「邪龙王座 龙巢神殿」掉落,,小熊猫的幼崽，这种动物本应栖息在北洲的南部和东洲边境地区的山岳地带，可不知为什么它们出现在了龙巢里。也许是飞往东方的龙族带回来的。总而言之，双腿站立是它的拿手好戏。
068635.tex,004635.tex,3.x,63页,Lv59副本「学识宝库 迦巴勒幻想图书馆」掉落,,迦巴勒幻想图书馆里收藏的书籍。第63页中不知被魔法封印着什么东西。不过，之所以被指定为禁书，并不光是因为它里面封印着异物，更是因为其内容十分的……忽悠人。
068636.tex,004636.tex,3.x,铁小人,Lv60 铸甲制作,,迷你铁巨人，听说是飞空艇在自动航行时，操纵人偶太闲了，就一点点造出了这个作品。 但由于它做得太专注，以至于开过了头都没发现。最后只得把铁小人作为发现的成果上缴国家。
068637.tex,004637.tex,3.x,狮鹫宝宝,兵团徽章400点兑换,,狮鹫的幼崽，相传百家兵团的怪物猎人在讨伐巨大狮鹫时发现了这头幼兽。由于它的眼神真挚又可爱，不禁动了恻隐之心将其带回了家。现在正在为它寻找饲主。
068638.tex,004638.tex,3.05,迷你冰之巫女,光与暗的历练,2015年「新生祭」活动奖励,模仿伊塞勒的外形所制作的魔法人偶。异端者为了拉拢新人也是拼了老命，竟然把他们的领导冰之巫女给做成了人偶。然而千辛万苦做好后，不幸被伊塞勒本人发现，只得停止对外发放。
068639.tex,004639.tex,3.x,格斯塔拉,捕鱼仆人：水岸G18,,威风凛凛，皇家风范，原本只是一只小野狗，但由于其飒爽的身姿有如皇帝一般，不知从什么时候起，它也有了血统证书。再将斗篷往它身上一披……天啊，简直太有皇帝范儿了。
068640.tex,004640.tex,3.01,7号蒸汽小战车,Lv60 铸甲制作,,科学家组织青蓝之手为开发新武器7号哥布林战车而制作的迷你样机。乘风驰骋，野心无限！
068641.tex,004641.tex,3.x,皇家贝希摩斯宝宝,兵团徽章400点兑换,,据说是传说中的魔兽凯撒贝希摩斯的幼崽。被百家兵团的怪物猎人抓走后，不仅享受着皇家待遇，还穿上了棉衣。其实并没有人知道它的真实身份。
068642.tex,004642.tex,3.x,追踪系统,完成Lv60任务：「博物战舰 无限回廊」后获得,,古代亚拉戈文明的浮空系统，将停止运转的导航系统移植到新的系统装置上得来。为了完成魏吉的心愿，带着它去各地旅行。不过它并不能为冒险者带路。
068643.tex,004643.tex,3.07,迷你夕雾,光与暗的历练,2015年「新生祭」活动奖励,模仿夕雾的外形所制作的魔法人偶。在丧灵钟开拓团工作的某多玛出身的人偶师，受艾欧泽亚魔法人偶所启发而制作的。这位老练人偶师的口头禅是“人偶的容貌是灵魂所在”，而他制作的这个人偶也是完全再现出了夕雾小姐的美貌。
068644.tex,004644.tex,3.x,橄榄宝石兽,道具商城购买,实体特典,模仿宝石兽制作的魔法人偶。尝过被自己召唤出的宝石兽所背叛的苦头，塔塔露决心制造一个忠于自己的部下，因此向雕金匠行会下了订单制作。值得一提的是，该宝石兽的外观是塔塔露自己缝制的。
068645.tex,004645.tex,3.x,金绿宝石兽,道具商城购买,实体特典,模仿宝石兽制作的魔法人偶。塔塔露最终还是没能召唤出黄宝石兽，为制造一个忠于自己的部下，她向雕金匠行会下了订单制作。不过由于外形是布制的，所以比真的黄宝石兽还要弱。
068647.tex,004647.tex,3.x,淘金热,"Lv57FATE：暴食人形岩「大地饕餮」
阿巴拉提亚云海(X21，Y12)
金牌奖励",,发条小矿车。据说是雇员为携带工作时获得的物品而准备的。但有一天，雇员找到了一块巨大的金矿石，放到车里之后就再也拿不出来了。真是个贪心的矿车。
068648.tex,004648.tex,3.07,南瓜管家,2016年「守护天节」奖励,2015年「守护天节」奖励,原本是番茄国王的贴身管家，因实在受不了乱七八糟砸在身上的杂活而跑了出来。在独自旅行的途中被大陆马戏团抓获，成为了苦力。之后被冒险者行会的调查员救了出来……
068649.tex,004649.tex,3.07,迷你弗利奥尼尔,购买月卡累积满足27个月,累积充值960天,以传说中的英雄“弗利奥尼尔”为原型的魔法人偶。这个魔法人偶制作非常精良，据说是某位船员为了赠送给现代的英雄而带来的。总感觉背后有什么阴谋，不过还是收下吧，这不挺好吗！免费的！
068656.tex,004656.tex,3.25,喜鹊儿,2016年新春活动特辑,莫古站商城购买,能够带来捷报与喜讯的小鸟。传说它会作为月亮神梅茵菲娜的使者在星空下起舞，为人们带来爱。这种鸟原本不栖息在艾欧泽亚，而是来自遥远的东方。那里的人们相信这种小鸟能够带来喜兆，并因此在它的名字中加入了“喜”字。无论什么时候，只要听到这种可爱小鸟的叫声，<br>就一定会有好事发生。
068657.tex,004657.tex,3.1,衮杜玩偶,"要求瓦努族声望到达：信赖
贩卖价格：25000金币",,模仿瓦努族外形的魔法人偶。美艳的衮杜族的咒法师操纵图腾进行一种诡异的仪式创造出了它。为了再现瓦努族那曼妙的身材，他们可是下了一番苦心。
068658.tex,004658.tex,3.1,猴面雀儿,陈旧的巨龙革地图（G8）,,瓦努族为了参加“斗猴面雀比赛”而饲养的猴面雀的幼崽，后来转手给了某个蔷薇骑兵，可没想到该骑兵又打赌打输，再次把它转手……几经周转，最后这只可怜的小家伙在宝箱里被发现了。
068659.tex,004659.tex,3.1,青蓝小手,Lv60 裁衣秘籍第三卷制作,,模仿哥布林战士外形的魔法人偶，是由科学家组织青蓝之手制作的，意在宣传哥布林族有多么的优秀。布雷福洛克斯在偷哥布林奶酪的配方时也将它的设计图顺了出来，导致制造方法外传。
068660.tex,004660.tex,3.1,小小艾奇德娜,副本「魔航船 虚无方舟」掉落,,模仿艾奇德娜的外形制作的魔法人偶，作者不详。棺椁里不知为何用现代语言刻着“我一心想要回去，便跳入了裂缝，谁知进入了一艘奇怪的船里。在那里我遇到了一位睡美人”的字样。
068661.tex,004661.tex,3.1,迷你瑞姆,官方活动奖励,实体特典,以传说中的英雄“瑞姆”为原型的魔法人偶。瑞姆是个伟大的魔法师，相传她只要在纸上画上两笔，就能生出听从她的指挥的魔物。因此这个魔法人偶也经常拿出画笔涂涂画画，不过从没人看得出来它画的都是些什么……
068662.tex,004662.tex,3.1,猎鹰,副本「云冠群岛」掉落,,狩猎用的猎鹰，在云冠群岛与本领高强的冒险者相识，将冒险者认定为自己狩猎的搭档。在古代怪兽横行的危险空域独自生存下来，训练了一身好本领，被它盯上的猎物绝对逃脱不掉。
068663.tex,004663.tex,3.1,浅瞳,完成成就：萌宠之王2.0,,深瞳的幼崽，是“妖异十二阶”中排第十二阶级的最下级妖异。拥有多少力量完全取决于所依附的眼球的主人有多强大。因此依附时一定要看好了，那眼球到底是龙的还是猴面雀的。
068664.tex,004664.tex,3.1,企鹅王子,完成成就：盘上的军事家1,,帝企鹅的幼鸟，为了建立自己的帝国而踏上了旅途，没想到最后来到了金碟游乐场。为了在严酷的建国战争中取得胜利，正在寻找优秀的军事家。
068665.tex,004665.tex,3.1,发条双塔尼亚,完成成就：萌宠挑战者1,,模仿双塔尼亚制作的亚拉戈制魔法人偶。相传是为了纪念压制南方美拉西迪亚大陆，亚拉戈帝国魔科学部制作给孩子们的纪念品。那环状拘束具做得别提有多还原了，怎么全是亚拉戈的！
068666.tex,004666.tex,3.1,叶小妖妖,副本「草木庭院 圣茉夏娜植物园」掉落,,叶小妖的幼崽。是原圣茉夏娜植物园以研究为目的而栽培的植物的子孙。原产地本是东方的岛国，但却生于萨雷安。现在正在到处寻找一个新家。
068667.tex,004667.tex,3.1,伊弗利特之形,Lv60 裁衣秘籍第三卷制作,,以火神伊弗利特为原型制作的魔法人偶。裁衣匠行会制作它以纪念冒险者弑神的壮举。该人偶向人们传达了“人必胜神”的概念，在喜爱流行文化的乌尔达哈一炮走红。
068668.tex,004668.tex,3.1,迷你奥尔什方,完成主线「光与暗的分界」后获得,,以福尔唐家的骑士奥尔什方为原型制作的魔法人偶。艾因哈特家的长男斯特凡尼维安亲手制作，意在将其为了人民与朋友战斗到最后一刻的伟大骑士精神传承给后人。人偶的一举一动，让人回想起往日的种种，历历在目……
068669.tex,004669.tex,3.1,尊杜玩偶,"要求瓦努族声望到达：誓约
贩卖价格：25000金币",,模仿瓦努族外形的魔法人偶。美艳的衮杜族的咒法师制作出它，以纪念与豁达的尊杜族的友好关系。为了能够再现出如阳光般耀眼的美丽羽毛的颜色，衮杜族使用了一种不能说的材料……
068670.tex,004670.tex,3.2,骨颌玩偶,"要求骨颌族声望到达：誓约
贩卖价格：25000金币",,模仿骨颌族同心一族外形的魔法人偶。“人偶师”先生倾力打造的新作品。据说为了表现同心一族整齐划一毫无个性的形象，把脸部刻画得毫无特色，根本不知道哪里有什么不同。
068671.tex,004671.tex,3.2,自由脑玩偶,"要求骨颌族声望到达：信赖
贩卖价格：25000金币",,模仿骨颌族离群一族外形的魔法人偶。某个骨颌族在任务中看到人类带着的人偶，出于感慨而制作了离群一族的人偶。后来这个骨颌族被人们称为“人偶师”。
068672.tex,004672.tex,3.2,迦楼罗之形,Lv60 裁衣秘籍第三卷制作,,以风神迦楼罗为原型制作的魔法人偶。刚发售时曾因为是将敌对种族所崇敬的蛮神作为人偶过于荒唐，而引起格里达尼亚的抗议。后来渡鸦周刊发表文章说该人偶具有消灾避厄功能，一时间大受欢迎。
068673.tex,004673.tex,3.2,泰坦之形,Lv60 裁衣秘籍第三卷制作,,以土神泰坦为原型制作的魔法人偶。裁衣匠行会的蛮神系列第二作。设计时特意请来了拥有土神讨伐经验的原海雄旅团精英——特拉哈涂姆先生作为特别顾问，真实还原了他口中的土神泰坦形象。
068674.tex,004674.tex,3.2,利维亚桑之形,Lv60 裁衣秘籍第三卷制作,,以水神利维亚桑为原型制作的魔法人偶。继泰坦之形后，再次起用原海雄旅团特拉哈涂姆先生作为特别顾问，在他的“差不多就这样”的指示之下完美重现了水神特征鲜明的身体线条。
068675.tex,004675.tex,3.2,迷你尼禄,"30,000金碟币 兑换",,以超级天才机械师尼禄为原型制作的魔法人偶，随人偶附赠最强武器——雷神枪锤。你那个公司制作的破人偶根本就没法比啊，加隆德……
068676.tex,004676.tex,3.2,迷你浮士德,副本「亚历山大律动篇零式四层」掉落,,将浮士德进行微缩并重新设计之后的小型机工兵。似乎是哥布林族科学家集团青蓝之手为了评价新武器的综合火力而专门设计出来当靶子的。它拼尽全力与挑战者对抗的身影令人肃然起敬。
068677.tex,004677.tex,3.2,卡尔克,副本「星海空间 颠倒塔」掉落,,可爱又恐怖的魔法人偶。萨雷安的伟大魔法师为了守护颠倒塔，将魔力灌注在人偶中从而诞生。另外，起初人偶是没有头发的，后来觉得太惊悚，经过改良植入了头发。
068678.tex,004678.tex,3.2,布莉娜,副本「星海空间 颠倒塔」掉落,,可爱又恐怖的魔法人偶。和卡尔克一起守卫颠倒塔，却被冒险者击败，四散而逃。意外的是冒险者却在附近的宝箱之中发现了她，就作为土特产收下了。
068679.tex,004679.tex,3.2,蓝闪蝶,副本「神圣遗迹 无限城市街古迹」掉落,,绽放着梦幻般光芒的蓝色蝴蝶。它的羽毛由于拥有妨碍魔力恢复的功能，在魔大战时代被认为是制作对魔法师用毒药的珍稀炼金素材，因此遭到滥捕，导致如今濒临灭绝。
068680.tex,004680.tex,3.2,波罗·罗格,完成3.2主线「星海的呼唤」获得,,老贤者玛托雅对蟾蜍施法而创造出的使魔，已经忠实地为玛托雅工作了50年以上。如今，玛托雅同意了它“世界这么大，我想去看看”的请求，让它和光之战士一起踏上了旅程。
068681.tex,004681.tex,3.2,迷你吉尔伯特,官方活动奖励,实体特典,以古代英雄“吉尔伯特”为原型的魔法人偶。作为拥有特殊才能的吟游诗人末裔，他的歌声具有能降妖除魔的神奇力量。同时，传说他作为亡国的王子，为了爱从未停止与黑暗势力的战斗。
068682.tex,004682.tex,3.2,芬里尔幼崽,3.2版本PVP群狼盛宴获胜后一定几率掉落,,古代野兽霜狼的幼崽。拥有月光一般冷彻的青色皮毛，因此也被人们以传说中的幻兽月狼芬里尔的名字来称呼它们。从小在狼群互相争斗的“狼狱”长大，虽然年幼但是桀骜且勇猛。
068683.tex,004683.tex,3.35,武士喵,,妖怪手表联动,吉胖喵的祖先。会使用传说中的宝刀高呼类似“妖怪解说、一分为二！”这种话将东西斩断。
068684.tex,004684.tex,3.35,吉胖喵,,妖怪手表联动,一只不幸被汽车撞死的猫变成的地缚灵。虽然一直在向汽车复仇但总是以失败告终。
068685.tex,004685.tex,3.35,浮游喵,,妖怪手表联动,浮游灵的猫妖怪。虽然漂浮在半空中，但性格却是脚踏实地，非常值得信赖。额头上的伤痕是荣耀的勋章。
068686.tex,004686.tex,3.35,小石狮,,妖怪手表联动,厌倦了守护神社的工作而离家出走的石狮子妖怪。总是惊叹于大城市的厉害之处而发出感慨。
068687.tex,004687.tex,3.35,小石次郎,,妖怪手表联动,小石狮的双胞胎弟弟。和不习惯都市生活的哥哥不同，很快就适应了所处的环境。对自己的哥哥小石狮十分尊敬。
068688.tex,004688.tex,3.35,小土龙,,妖怪手表联动,可以带来好运的蛇妖怪，非常吉利。因为不擅长隐藏自己，所以总是被人发现，并因此而苦恼。
068689.tex,004689.tex,3.35,USA蹦,,妖怪手表联动,外国妖怪，来自大洋彼岸的国家，梦想是到太空旅行。如果愤怒到极点的话，会变身黑化模式。
068690.tex,004690.tex,3.35,大蛇,,妖怪手表联动,用自身的灵气生成龙形的围巾，并以此来战斗。在妖怪世界中属于精英级别的妖怪，拥有顶级的实力。
068691.tex,004691.tex,3.35,九尾,,妖怪手表联动,拥有九条尾巴的高级别的狐狸妖怪。可以十分轻松地放出如同火山爆发般强大的火炎。
068692.tex,004692.tex,3.35,威斯帕,,妖怪手表联动,自称是妖怪管家的妖怪。虽然可以流利地说出大部分妖怪的情报，但其实是一边看着妖怪平板一边装作很懂行的样子说的。
068693.tex,004693.tex,3.35,机器喵F型,,妖怪手表联动,作为升级版开发出来的最新型机器喵。去掉了所有没用的功能，实现了美妙的形态。
068694.tex,004694.tex,3.35,吹雪姬,,妖怪手表联动,能够自由操纵寒气的可爱妖怪。据说可以让盛夏降雪，甚至是把火山变成雪山。
068695.tex,004695.tex,3.35,人面犬,,妖怪手表联动,当下时兴的狗狗品种，长着大叔脸。从背后看十分惹人喜爱，但看到正脸后会被吓蒙。梦想是变得人见人爱。
068696.tex,004696.tex,3.35,新型迷你雅·修特拉,2017年「新生祭」奖励,2016年「新生祭」奖励,冒险者行会为庆祝艾欧泽亚的新生庆典而准备的魔法人偶。当提出要以拂晓血盟的贤人雅·修特拉为原型制作魔法人偶时，某位莱韦耶勒尔家的少爷凭借记忆描绘出了精致的肖像画，得以用来参考。
068697.tex,004697.tex,3.3,幼龙玩偶,"要求莫古力族声望到达：信赖
贩卖价格：25000金币",,模仿幼龙形象制作的魔法人偶。是莫古力族的工匠在学习人类手艺的过程中做成的。以年龄约为30岁左右的幼龙卡尔?米克为原型，为了再现真实的质感，使用了它脱皮时掉下来的真的鳞片。
068698.tex,004698.tex,3.3,拉姆之形,Lv60 裁衣秘籍第三卷制作,,以雷神拉姆为原型制作的魔法人偶。发现迦楼罗的魔法人偶很受欢迎，于是开始设计制作拉姆人偶。因为参考了暂留地的妖精族的描述，总觉得长得有点像妖精族。
068699.tex,004699.tex,3.3,希瓦之形,Lv60 裁衣秘籍第三卷制作,,以冰神希瓦为原型制作的魔法人偶。异端者们在得知各个城市都在制作以蛮神为原型的魔法人偶后，决心制作冰神希瓦人偶并公开制作方法。也许是因为他们的信仰太过虔诚，人偶的表情非常得可爱。
068700.tex,004700.tex,3.3,波奇,"30,000金蝶币兑换",,用双脚走路的谜之猪。因为在金碟游乐场的自助餐厅吃霸王餐而被抓住当作了纪念品。但是没有人知道这个猪是谁、从何而来。
068701.tex,004701.tex,3.3,魔法水桶,捕鱼获得（灾祸池南）,,利用魔法人偶技术制作出来的会动的水桶。听说是某个捕鱼人因为嫌把钓来的鱼拎回去太麻烦而制作的。不管倒空几次，不知不觉间桶里就又会出现水和生物。那些东西到底是从哪里来的呢？
068702.tex,004702.tex,3.3,触手,副本「黑涡传说 破舰岛」掉落,,被冒险者砍下来的克拉肯的触手的尖端。在海上漂流许久，最后再次回到破舰岛。和一心想要复仇的本体不同，触手的尖端并不想战斗，反而喜欢歌颂自由的人生。
068703.tex,004703.tex,3.55b,腕龙玩偶,在[云冠群岛]击杀[腕龙]随机掉落,,某位空贼模仿腕龙制作的魔法人偶，原型是在云冠群岛目击到的超大型古代生物。不过话说回来，为什么浮岛上会有那么巨大的生物呢？真是谜团重重啊。
068704.tex,004704.tex,3.3,拉拉队小姑娘,15000狼印战绩兑换,,拉拉队姑娘的魔法人偶。为给狼狱水上竞技场战斗的饿狼们加油而制作出来的。但据说发现有人消极应赛时，它的眼神会变得很危险，还可能爆粗口喝倒彩什么的。
068705.tex,004705.tex,3.35,迷你可露儿,2017年「新生祭」奖励,2016年「新生祭」奖励,冒险者行会为庆祝艾欧泽亚的新生庆典而准备的魔法人偶，模仿的是萨雷安出身的魔法师可露儿小姐。据说兜帽上那个如同猫魅族一样的大耳朵其实彰显着她拥有的某种“能力”。
068706.tex,004706.tex,3.3,迷你艾默里克,完成主线「绝命怒嚎」后获得,,以艾默里克为原型制作的魔法人偶。某个神殿骑士团副骑士长想要制作敬爱的上司的人偶，然而因为她的手太笨导致制作失败。看到她沮丧的样子太过可怜，教皇厅的技师偷偷地把人偶重新制作了一下。
068707.tex,004707.tex,3.3,卡洛菲斯提莉玩偶,副本「禁忌城邦 玛哈」掉落,,以卡洛菲斯提莉为原型制作的魔法人偶，作者不详。在暗中注视着冒险者与卡洛菲斯提莉战斗的某人，注入强烈的情感即兴制作而成。随后，他与妖异一起消失了踪影。
068708.tex,004708.tex,3.35,大脚小猿,"通关副本「死者の宫殿」3次
用3个低保找NPC换取",,制革匠行会为宣传自然保护启蒙活动，以大脚巨猿为原型制作的魔法人偶。想以此告诉大家，因一时流行的需要滥捕野生动物，会使它们濒临灭绝。
068709.tex,004709.tex,3.3,小矮兔,「水城 宝物库」稀有掉落（第七层）,,可爱的小型兔子。曾在小村庄里过着幸福的生活，然而有一天，它在田里偷作物的父亲被农妇做成了馅饼。为了治愈心中的伤痛踏上流浪之旅后与冒险者相遇。
068710.tex,004710.tex,3.35,百目,"通关副本「死者の宫殿」3次
用3个低保找NPC换取",,从百目妖身上脱落下来的眼球。因为以前每个角度都能看到，所以现在只能看到一个方向的状态让它很不安。于是决定在长出足够的眼球之前和强者一起行动。
068711.tex,004711.tex,3.38,道士莫古力娃娃,2017年春节活动,无,身着东方风格服饰的魔法人偶。是桃源老师的侍从艳丽为了赠送给冒险者而私下亲手缝制的。在艾欧泽亚备受欢迎的莫古力形象基础上，添加了东方风格的道士着装。
068713.tex,004713.tex,3.55b,天马幼兽,"空贼黄铜通货x50
伊修加德砥柱层（X:14.7 Y:10.9）兑换
或
[云冠群岛]中完成FATE[给我一双翅膀]随机掉落",,天马的幼兽。与父母不小心走散，在到处都是可怕古代猛兽的云冠群岛四下奔逃。遭遇古代猛兽袭击的时候被冒险者救下，之后便一直跟着冒险者。
068714.tex,004714.tex,3.4,迷你命名威,,实体特典,模仿传说中的浪人制作的魔法人偶。听说是住在月亮上的古怪民族的幸存者，似乎在旅行中一遇到人就给对方起外号。手里的册子记录着起过外号的人的名字。
068715.tex,004715.tex,3.4,迷你亚历山大,天动篇4层一定几率掉落，天动篇零式4层必掉落,,青蓝之手为了学习机神城的构造研发的教学用缩小型实验机。因为所有看到机器的人都会惊讶地喊出“原来脚在那里啊！”，所以可以说它非常有教学价值。然而动起来的样子还是让人觉得有点恐怖。
068716.tex,004716.tex,3.4,疣猪小子,副本「险峻峡谷 塞尔法特尔溪谷」稀有掉落,,狂野疣猪的幼崽。原本居住在塞尔法特尔溪谷地区，为了修行，它下定决心跟在冒险者身后开始旅行。将来似乎想成为出色的“猪武者”，一直在练习“横冲直撞”。突进力已然不输大猪。
068717.tex,004717.tex,3.4,新型迷你桑克瑞德,库洛的奇谈书-一定几率出现,,模仿桑克瑞德制作的魔法人偶。经过了在龙堡参天高地的那段野外生活，变得更加充满野性魅力。与自由脑窟穴的骨颌族交易得来的装备穿起来也十分合适。好搭档是食果花鼠！
068718.tex,004718.tex,3.4,新型迷你阿莉塞,库洛的奇谈书-一定几率出现,,模仿阿莉塞制作的魔法人偶。是塔塔露为了迎接将来某一天阿莉塞的归来而偷偷制作的。似乎是在考虑给阿莉塞制作什么样的衣服时，拿手边的人偶练习而制作出来的。制作成本低是最大的优点。
068719.tex,004719.tex,3.4,迷你艾达,死者宫殿51-200层「铁/银/金饰宝藏」一定几率出,,以漆黑的艾达为原型制造的魔法人偶。传说是某位咒术师为祭奠过去的伙伴而制作的。每过一段时间拿出来看总觉得她的头发比以前更长了，嗯，这一定是错觉。
068720.tex,004720.tex,3.5,迷你尤娜,2017年8月19日中国区FanFest线上观摩券特典宠物,2016年12月FanFest，购买东京观看权-特典宠物,模仿古代英雄尤娜制作的魔法人偶。听说，身为数量极其稀少的召唤士一员的她，为了给世界带来和平而踏上了旅途。穿着带有东方风韵的衣服显得十分美丽。我已经决定不再迷惘了。
068721.tex,004721.tex,3.4,迷你琉克,,2016年10月FanFest，购买拉斯维加斯观看权-特典宠物,模仿古代英雄琉克制作的魔法人偶。听说，她为了保护某位召唤士而以护卫的身份与其同行。人偶会突然做出投掷什么东西的动作，正是再现了她的样子。我热血沸腾起来了！
068722.tex,004722.tex,3.4,迷你露露,,2016年12月FanFest，购买东京观看权-特典宠物,模仿古代英雄露露制作的魔法人偶。为了精巧再现她身为优秀黑魔法师同时又善于使用人偶的特点，制作者给她配上了更小号的人偶。真不愧是职业工匠的手艺。要我帮你突破极限吗？
068723.tex,004723.tex,未知,天使之翼,,,由一个因兴趣开始制作宠物的炼金术师的执念而诞生的魔法物品。“为了让本就像天使的拉拉菲尔族更像天使……”，这是他临终前的最后一句话。
068724.tex,004724.tex,3.4,迷你穆恩布瑞达,3.4主线「灵魂继承者」完成后获得,,模仿穆恩布瑞达制作的魔法人偶。于里昂热为了整理自己在失去后才察觉到的感情而自己偷偷制作的。人偶的表情如此温柔，一定模仿的是那个人看向他时的面容吧。
068725.tex,004725.tex,3.4,大陆小眼,2017年「守護天節」奖励,2016年「守護天節」奖励,冥鬼之眼的幼体。虽然是从虚无界召唤来的妖异，但是因为太弱，立刻就被猎人抓住了。后来被卖给了大陆马戏团，身世悲惨。
068726.tex,004726.tex,3.5,斗牛小犬,副本「坚牢铁壁 巴埃萨长城」稀有掉落,,在帝国东方堡作为军犬而被饲养的斗牛小犬。因为性格太过温和友善，被认定为不适合成为军犬。听说斗牛犬本来是为了让人欣赏和魔物搏斗的姿态而被培育出来的犬种，原本极其凶猛彪悍。
068727.tex,004727.tex,3.5,复活小天使,2018年「情人节」奖励,2017年「情人节」奖励,为人带来爱与治愈的天使玩偶。据有些接受过复活魔法的人说，他们在半昏迷之中看到过背后长着小翅膀的小孩子在身边飞来飞去，有心人士便以此制作出了这种玩偶。但有关于这些小孩子是否真的存在还是个疑问。
068728.tex,004728.tex,3.5,迷你埃斯蒂尼安,库洛的奇谈书-一定几率出现,,模仿苍天之龙骑士埃斯蒂尼安制作的魔法人偶。听说，制作者之间曾经为了该用蓝色还是红色，甚至是粉色涂装而争吵不休。最后他们决定用龙骑士挑战邪龙前的造型制作。
068729.tex,004729.tex,3.55a,迷你赫拉斯瓦尔格,,实体特典,模仿七大天龙之一的圣龙赫拉斯瓦尔格制作的魔法人偶。相传圣龙和圣女超越种族的爱创造了人龙融合的契机，因此这个制作出来的圣龙眼中也充满着温柔。
068730.tex,004730.tex,3.5,吉吉,完成事件屋支线「理想的每一天」后获得,,萨雷安的大魔法师阿饱创造的魔法人偶，原名比比。人偶里封印着时魔法。为了救冒险者和希尔迪布兰德而用尽力量，现在为了积蓄魔力而陷入休眠中……
068731.tex,004731.tex,3.5,人造元灵,完成270魂武任务「研究结束」后获得,,阿尔达希尔用旧的魂石给人造元灵制造了新的身体。为了让冒险者在不装备元灵武器的时候也能和人造元灵一起冒险。
068732.tex,004732.tex,3.5,迷你斯卡哈,副本「影之国」稀有掉落,,模仿影之女王斯卡哈制作的魔法人偶，作者不详。人偶的脚底用艾欧泽亚现代语而非古玛哈语写着“献给我的挚爱”。从人偶异常精致的造型中可以感受到一种近乎偏执的爱。
068733.tex,004733.tex,3.5,迷你尼德霍格,,实体特典,模仿七大天龙之一的邪龙尼德霍格制作的魔法人偶。尼德霍格带领龙族和伊修加德进行了长达千年的龙诗战争，就算被制作成了人偶也依然保持着威严。是迷你埃斯蒂尼安的好对手。
068734.tex,004734.tex,3.55a,地狱小犬,完成成就[如探囊取物3],,魔兽地狱犬的幼兽。不愧是在虚无界严酷的优胜劣汰中活下来的生物，虽然个头尚小，但目光却十分锐利。一般很厌恶与人亲热，但只要认定了搭档，就会忠实地跟随着对方。
068735.tex,004735.tex,3.55a,妖精小犬,完成成就[左膀右臂3],,魔兽妖精犬的幼兽。由于要不断与虚无界的魔兽们争夺地盘，所以尽管年幼，却全身充满杀气。极其自傲且喜爱孤独，但只要认定了主人，就会忠心耿耿。
068736.tex,004736.tex,3.5,迷你奥尔·迪,"要求莫古力族声望到达：誓约
贩卖价格：30000金币",,模仿幼龙奥尔·迪制作的魔法人偶。是莫古力族的工匠莫古京为了对奥尔·迪进行恶作剧而制作出来的。精美的制作体现出了工匠的手艺。
068737.tex,004737.tex,3.5,发条月亮,西拉诺西亚：幻影群岛(X12，Y36)，魔法罐用高级圣灵药进行交换,,可以用“戳指”来调整其高度的发光灯。能够很好地掩饰小皱纹的发条太阳在贵妇之中大为流行。炼金术士行会立马又着手制作了色调偏冷一些的发条月亮，可以让贵妇们的皮肤看上去更加白皙透亮。
068738.tex,004738.tex,4.x,巧儿海陆行鸟,"渔师:太阳海岸(x38,y28)用梭子鰆以小钓大",,能够横渡大海的陆行鸟之子。自己虽然打死也不肯承认，但其实真的不会游泳。某个热心人为了防止它溺水给它戴上了救生圈，但它却得意忘形地跑到了海上，最后只能在海里漂泊。为了得救，不顾一切地咬住了某个东西，事后才发现那原来是钓钩。
068739.tex,004739.tex,4.x,迷你巴兹,,购买4.0典藏版,以古代英雄“巴兹”为原型制作的魔法人偶，甚至连他的搭档陆行鸟“波可”都完美再现了。一起随风而行，自由自在地踏上冒险之旅吧。真是太有趣了！
068740.tex,004740.tex,4.x,迷你赤魔法师,,预购4.0典藏版,以古代英雄为原型制作的魔法人偶。根据传说，这是一位既会白魔法又会黑魔法，既能攻也能守的万能战士。但是也有一种截然相反的评价，说其无论攻守都是半调子。
068741.tex,004741.tex,4.x,獭獭,采矿仆人：山岳G20,,离开河流的水獭之子。虽然无法说话，但智力极高，还能使用工具。因此，据说在东方地域，有的达官贵人会训练这种动物，让它们成为自己的仆从。
068742.tex,004742.tex,4.x,小妖狐,「杀生石碎片」3个兑换,,千年妖狐之子。只不过，这只才出生没多久，并不像其父母那样具有魔力，也不能变化成人。这就表示它只是一只普通的狐狸吧。
068743.tex,004743.tex,4.x,虎斑次郎,兵团徽章800点兑换,,非常可爱的黄色虎斑小猫。在险些成为恶名精英盘中餐的时候被老练的怪物猎人救了下来。为它取名的猎人说，哪怕只把它自己救出来也好。太郎在哪呢？
068744.tex,004744.tex,4.x,龙之孙,"渔师:红玉海(x36,y6)刺鱼/ 鱼影",,龙之子的幼体。面对突如其来的鱼叉，它虽然想要躲闪，但却条件反射地把尾巴缠了上去，最终还是被捉到了，真是可怜。不过在大海之外的世界中却出人意料地受欢迎，现在依然生气勃勃。
068745.tex,004745.tex,4.x,刺球球,副本「海底宫殿 紫水宫」掉落,,刺球爆弹怪的幼体。因为一感觉到危机就会膨胀，再加上油脂丰富极易燃烧等特点很像生活在西方的传说中的妖异“爆弹怪”，所以就被人们取了这样的名字。但其实并不是爆弹怪的一种。
068746.tex,004746.tex,4.x,分福,战斗仆人：平地G20,,雇员得到的茶釜。真实身份好像是一只貉狸幼兽，因为跟别人比试变化的能力，结果变不回原形了。雇员觉得它可怜，想让它暂时先跟着身手高强的冒险者一起修行，所以就把它带回来了。
068747.tex,004747.tex,4.x,旅雀儿,副本「试炼行路 巴儿达木霸道」掉落,,在巴儿达木霸道遇到的家麻雀。原本是生活在延夏农村的，但却厌倦了整日只吃田里害虫的生活，所以想出去冒险。在旅途中遇到了胡鹰，为了变得像人家一样强，就模仿起了胡鹰的幼鸟。
068748.tex,004748.tex,4.05,迷你莉瑟,2018年「新生祭」奖励,2017年「新生祭」奖励,由拂晓的资金管理人、心灵手巧的裁缝塔塔露精心制作的魔法人偶。再现了阿拉米格美丽的民族服饰。虽然外表看上去像舞女，但绝不是舞女。
068749.tex,004749.tex,4.x,新型迷你夕雾,副本「恶党孤城 黄金阁」掉落,,模仿夕雾的外形所制作的魔法人偶。据说是烈士庵的某位人偶师在冒险者携带的人偶的启发下制作出来的。原本是为了纪念多玛解放而投入生产，后来却被人献给了黄金港奉行……
068750.tex,004750.tex,4.05,迷你豪雪,2018年「新生祭」奖励,2017年「新生祭」奖励,模仿豪雪的外形所制作的魔法人偶。再现了东洲奥萨德次大陆边境国多玛的武士大将威风凛凛的姿态。作为被人传颂的剑豪，人偶的腰间也挂着他的爱刀左文字的模型。
068751.tex,004751.tex,,迷你夜露,实体特典,,模仿夜露的外形制作的魔法人偶。似乎是某个雕金匠按照东方传来的美人画制作的。面容妖艳的她据说曾经是多玛红极一时的艺伎。
068752.tex,004752.tex,4.x,迷你格林瓦特,副本「鏖战红莲 阿拉米格」掉落,,模仿格林瓦特的外形所制作的魔法人偶。据说是为了确认与魔导装置的融合手术顺序而制作的模型。到处都记有用帝国公共语写下的注意事项。是足以印证帝国军残忍无情的物证之一。
068753.tex,004753.tex,4.05,迷你鲶鱼精,「运河宝物库」一定几率掉落,,以鲶鱼精为原型制作的魔法人偶。由远东之国的人偶师们制作，很久以前就在黄金港被人们当成土特产贩卖。据说在近东的萨维奈曾经红极一时。
068754.tex,004754.tex,4.x,伊沃恩玩偶,副本「修行古刹 星导寺」掉落,,以双豹伊沃恩为原型制作的魔法人偶……照理说是这样，但它却会动。调查之后并没有在内部发现类似机关之类的构造，但它还是会动。看来只能当它是被什么附身了。
068755.tex,004755.tex,4.x,迷你奇美拉,裁衣匠Lv70，1★配方,,以妖异玩偶奇美拉为原形制作的奇形怪状的魔法人偶。“居然有人能设计出品味这么差的人偶”，说到这里突然想到人偶的作者是谁，于是不禁咽下了后半句话。这就是所谓的大人吧。
068756.tex,004756.tex,4.x,迷你食肉者,兵团徽章800点兑换,,某个著名的怪物猎人在将袭击自己的卢恩族山贼打倒的时候得到的战利品。好像是山贼头子发给手下们的东西。身上那件有些可怕的山贼风格衣服正是魅力所在。
068757.tex,004757.tex,4.x,魔导复仇者追踪型,副本「巨炮要塞 帝国白山堡」掉落,,帝国军为了训练而制作的魔导复仇者缩小版模型。通常用于指导操纵同机种无人机的部队指挥官，传授这台机械的特性与有效的使用方法。另外，在帝国之中也被当作玩具贩卖。
068758.tex,004758.tex,4.x,吉多,副本「漂流海域 妖歌海」掉落,,在妖歌海遇到的老龟。传说它已经活了700多年，拥有强大的魔力，可以在空中飞行。不知为何，一看到蓝色甲胄就会异常激动，原因不得而知。
068759.tex,004759.tex,4.01,迷你艾克斯迪司,欧米茄4层一定几率掉落，欧米茄零式4层必掉落,,从德尔塔幻境中回收的神秘魔法人偶。在某部古典小说中有一个与主人公为敌的反派角色艾克斯迪司，这个人偶似乎就是以他为原型制作出来的。因为他身穿蓝色甲胄，看上去很像骑士，但其真实身份却是一名暗黑魔法师。
068760.tex,004760.tex,4.x,迷你库洛,库洛的奇谈书-一定几率出现,,模仿库洛·阿里亚珀的外形所制作的魔法人偶。某天，罗薇娜商会专聘的工匠将它塞进库洛手里后，一言不发地转身离开了。库洛则转头就将它扔进了大人物云集的奖励列表当中。
068761.tex,004761.tex,4.x,须佐之男之形,Lv60 裁衣制作「裁缝秘籍第四卷」,,以豪神须佐之男为原形制作的魔法人偶。左手拿八咫镜，右手执天之丛云，体内还有八尺琼勾玉的缩小版模型。据说沉迷东方文化的人们在私下里对这个人偶格外关注。
068762.tex,004762.tex,4.x,吉祥天女之形,Lv60 裁衣制作「裁缝秘籍第四卷」,,以美神吉祥天女为原形制作的魔法人偶。某位奇迹生还的雕金匠为了重现那份究极的美而制作的，但却让看到的诗人提出了很多缺点。经历了各种曲折后，最终才公开重新调整后的设计图。
068763.tex,004763.tex,4.x,俾斯麦之形,Lv60 裁衣制作「裁缝秘籍第三卷」,,以云神俾斯麦为原形制作的魔法人偶。俾斯麦餐厅的老板听说了召唤云神的传言，为了见一见传说中的云神，于是便拜托裁衣匠行会制作了这个魔法人偶。总觉得做出来的成品看上去很好吃。
068764.tex,004764.tex,4.1,迷你飞燕,库洛的奇谈书-一定几率出现,,以多玛君主飞燕为原型制作魔法人偶。在帝国的暴政之下，多玛的人偶师们原本是无法制作清房那种武装机关人偶的，但他们却偷偷地制作了这个，来表示自己内心的反抗。不胜感激！
068765.tex,004765.tex,4.1,罗波那之形,裁衣匠Lv60,,以武神罗波那为原型制作的魔法人偶。是自诩为历史学家的骨颌族为了将武神与英雄之间的战役流传千古，委托雕金匠行会制作的。它完美重现了武神以武为荣、以勇为耀的雄猛身姿。看你们能否撑住这一击！
068766.tex,004766.tex,4.1,甲人玩偶,"要求甲人族声望到达：信赖
贩卖价格：30000金币",,以付丧神附身的古代人偶“付丧”为原型制作的魔法玩偶。为了区分真正的付丧，碧甲族便将其涂成了跟自己一样的绿色。目前正计划把它当成特产，在黄金港大量出售。
068767.tex,004767.tex,4.1,豆豆柴,采矿仆人：山岳G22,,有些无良奸商将即便成年体型也依然小巧的柴犬起名为“豆豆柴”来贩卖，但事实上并不存在“豆豆柴”这种狗，如果有人饲养它们，体型一定就会变大。为了不让买家把狗养大后来找他们算帐，所以他们通常都是卖完就跑。
068768.tex,004768.tex,4.1,天狗玩偶,战斗仆人：平地G20,,以天狗为原型制作的玩偶。明明就是个普通的玩偶却能活蹦乱跳的，一定是天狗捣的鬼。不仅如此，明明拿到了五个魔晶石孔的极品武具，武具却不知道在什么时候变成了天狗玩偶，这也一定是天狗捣的鬼。
068769.tex,004769.tex,4.1,象魔人偶,「运河宝物库深层」一定几率掉落,,在运河深层发现的以象魔族为原型制作的魔法人偶。原本人偶身上是穿着奢华衣物的，但却被偷盗宝石的盗贼拿走了，因此现在呈全裸的模样。怪不得看上去有点害羞呢。
068771.tex,004771.tex,4.1,小树袋熊,园艺仆人：森林G22,,树袋熊的幼兽。前来采伐的雇员不小心砍到了它栖息的树木，于是被它紧紧抱住，只好带着它踏上了冒险之旅。尽管它长得很可爱，但想要威胁别人的时候却会发出非常可怕的叫声。不能被它的外表迷惑！
068772.tex,004772.tex,4.1,椒盐海豹,沉没神殿 斯卡拉遗迹,,海豹的幼兽，不知道经历了什么误入了盐湖。因为是在盐湖发现的，所以人们给它在名字里加个“盐”字，后来又不知道什么时候传成了“椒盐”……其实原本是生活在大海里的动物。
068773.tex,004773.tex,4.1,六角小螈螈,钓鱼仆人：水岸G22,,与小钝口螈相似的神秘两栖动物。钓上来的雇员说自己也不知道这到底是什么动物，就根据外形起了个名叫六角小螈螈。谁也不知道这只生物是从哪来的，而且不知道为什么，那个雇员也坚决不肯说出自己是在哪里把它钓上来的。
068774.tex,004774.tex,4.1,伊克西翁玩偶,伊克西翁的雷角5个，神拳痕(X:13.8 Y:11.8)艾西娜兑换,,以基拉巴尼亚地区传说中的古代幻兽伊克西翁为原型制作的魔法人偶。据说是当地居民为了让冒险者们勇敢地前去讨伐危险的伊克西翁而共同出资制作出来的。请大家务必都去参加……
068775.tex,004775.tex,4.1,神龙玩偶,裁衣匠Lv70，2★配方,,以神龙为原型制作的魔法玩偶。设计这个玩偶的人似乎是想重现神龙从封印中现身的一幕，但不知为何玩偶却是从宝箱中现身的。关于这个问题，设计者的回答是“原本不就是这样的吗？”，他究竟误会了什么……
068776.tex,004776.tex,4.1,新型迷你劳班,3.4主线「英雄归来」完成后获得,,由艾欧泽亚同盟军的工兵部队制作的以劳班为原型的魔法人偶。尽管对外宣称它的制作是用来纪念阿拉米格解放的，但据说真实的制作初衷却是为了向初期的军事作战计划失败一事致歉。真是非常抱歉！
068777.tex,004777.tex,4.2,阿难陀玩偶,阿难陀族 魔金锡币7枚 兑换,,阿露帕国境警备队的原工兵制作的具有阿难陀族外形的魔法玩偶。原型似乎是刚蜕完皮鳞片闪闪发亮的萨利夏。听说冒险者们的报酬就是靠卖这种玩偶赚来的。
068778.tex,004778.tex,4.2,迷你莫艾石像,制作「锻冶秘籍第六卷」,,用溺没海发掘出的巨像石片制作的迷你莫艾石像。其原型是世界各地发掘出的充满谜团的石像——莫艾石像。据说是在制作过程中突然动了起来。另外，虽然看起来它张着嘴似乎能发射光圈的样子，但实际上不能。
068779.tex,004779.tex,4.2,白鼬,副本「红玉火山 狱之盖」掉落,,毛皮像雪一样洁白的鼬。由于憧憬着在故乡森林撞见的瑞兽“镰鼬”，而跟随它潜入狱之盖想让它收自己为弟子。偶然碰上了冒险者和镰鼬战斗的场面，决定跟随更强的师父。
068780.tex,004780.tex,4.2,小丑预言蛋,2019年「彩蛋节」奖励,,为了感谢冒险者帮忙解决了彩蛋被盗事件，成功开展彩蛋狩猎，吉莉·阿里亚珀送给冒险者这颗特别的装饰彩蛋。里面装着以第六灵灾时活跃的十二贤者之一——拉德克利夫为原型制作的魔法人偶。
068781.tex,004781.tex,4.2,迷你凯夫卡,通关欧米茄时空狭缝 西格玛幻境4 或 欧米茄零式时空狭缝 西格玛幻境4,,在西格玛幻境发现的魔法人偶。其原型的小丑凯夫卡到底是虚构还是现实人物尚不明。拂晓血盟贤人雅·修特拉看到这个人偶后表示似乎在哪里见到过……
068782.tex,004782.tex,4.3,マメット?マグナイ,裁衣匠Lv70，秘籍第六卷配方,,オロニル族の長兄、マグナイを模した魔法人形。伴侶を見つけることができない長兄を慮った弟たちが、男マグナイを売り込むために製法を考案し、公開したようだ。持ち味である武力を誇示するように、戦斧が付属している
068783.tex,004783.tex,4.2,舞海月,地下工房 潜水艇「E海域 溺没海03」「G海域 アンブレラ海峡」,,粘在派遣到溺没海的潜水艇上的水母幼体。在长途航海中从人偶驾驶员那里听说了冒险者的故事，决定和冒险者一起旅行。其漂浮的姿态十分治愈人心。
068784.tex,004784.tex,4.2,白小虎,制作「裁缝秘籍第六卷」,,模仿白色小老虎而不是白虎制作出的魔法人偶。在远东之国，人们认为看到白色老虎的人会获得幸运。所以这种玩偶被当做吉祥物而受到珍重。
068785.tex,004785.tex,4.25,マメット?ファヴニル,优雷卡「アネモス帯のロックボックス」一定几率开出,,バルデシオン委員会の研究員が製作した魔法人形。ドラゴン型妖異「ファヴニル」の姿を模して作られている。なぜ名剣を持った姿で作られているのかは不明。製作者は「確率は低いが持っているもの」と語り、譲らないが……
068786.tex,004786.tex,4.25,マメット?ミスラ,优雷卡「アネモス帯のロックボックス」一定几率开出,,バルデシオン委員会の研究員が製作した魔法人形。「ミコッテ族」の想像上の祖先を再現したものらしい。古代の文献に登場する「スコピオハーネス」なる装備を着せている点に、製作者の異様なコダワリを感じる
068787.tex,004787.tex,4.25,プリンス?オブ?アネモス,优雷卡「アネモス帯のロックボックス」一定几率开出 或 「NMロード?オブ?アネモス直ドロ」一定几率掉落,,ロード?オブ?アネモスの血を引く若き王子。なぜか、懐に片手棍（クラブ）を忍ばせており、気にくわないことがあると二刀流で振り回し、複数回攻撃をしかけてくる。しかし、幼生体のため力が弱く、大したダメージは出ない
068788.tex,004788.tex,4.2,狛犬,成就点数兑换,,以东方幻兽狛犬为原型制作的魔法人偶。神社之类神圣的地方有安置一对石狮子镇守的传统，据说可以辟邪。这个玩偶看到自己的同类也会不自觉地和它相对而坐。
068789.tex,004789.tex,4.2,金鲶,「运河宝物库深层」一定几率掉落,,全身金光闪闪的鲶鱼精魔法玩偶。据说是远东之国的人偶师制作的出口给近东地区的吉祥物。由于使用了莳绘的技术给全身上了一层金粉，拿着它总觉得会提升财运。
068794.tex,004794.tex,4.3,祭ナマズオ,ナマズオ小判：7个兑换,,ナマズオを模した魔法人形。大鯰大祭の開催資金を捻出するために、職人ギョシンが夜なべをして作ったものらしい。精巧なねじり鉢巻とハッピは、裁縫が得意なギョレイの手によるもの。縁起物として人気のようだ
068795.tex,004795.tex,4.3,クラミドサウルス,,,ミラージュプリズムが大好きで、冒険者についてきたトカゲ。普段は樹上で過ごしているが、エサを求めるときには地上に降りて、後ろ足だけで疾走する。また、危険を察知するとエリマキ状の皮膚飾りを広げて威嚇するようだ
068796.tex,004796.tex,4.3,マメット?サドゥ,裁衣匠Lv70，秘籍第六卷配方,,ドタール族の族長、サドゥを模した魔法人形。その美しさに恋心を抱きながらも、燃やし尽くされることを恐れて声に出せない、ドタールの若者たちが製法を考案したらしい。しかし、実際に作り切るだけの勇気はなかったようだ
068797.tex,004797.tex,4.3,マメット?シリナ,,,モル族の少女、シリナを模した魔法人形。アウラ?ゼラの遊牧民たちが常用する伝統的な衣装も、細部の刺繍に至るまでしっかりと再現されている。アジムステップの文化を感じさせる品として、新生祭で配布された
068798.tex,004798.tex,4.3,マメット?シロ,天书奇谈2连奖励,,シロ?アリアポーを模した魔法人形。孤児院を運営するために奮闘する彼女を、そっと見守っていたロウェナ商会お抱えの職人が作ったもの。それを無言で受け取り、そっと、ご褒美のラインナップに加える妹クロであった
068799.tex,004799.tex,4.3,マメット?ツクヨミ,实体特典,,夜神ツクヨミを模した魔法人形。複雑な経緯を経て、帝国軍に強制徴募され、なぜか捕虜交換の対象となった彫金師が、即興で作り上げた品らしい。自由の喜びがそうさせたのか、異様な愛情を以て美しく仕上げられている
068800.tex,004800.tex,4.3,クロックワークランタン,1500狼印战绩兑换,,カラクリ仕掛けの自走ランタン。冒険者たちの熱烈な要望に応える形で、彫金師ギルドと錬金術ギルドが共同開発した。魔法人形の技術を応用した自走機構と、錬金術による魅惑の光源により、どこでも光を届ける
068801.tex,004801.tex,4.35,セイテンショウセイ,,,瑞獣セイテンタイセイが神通力で作り出した幻影体。若き頃、いたずら好きの猿だったセイテンタイセイは、特別な力を得てからも、他者を欺く技を得意とした。神通力で編んだ雲に乗り、自在に空を駆け巡る
068802.tex,004802.tex,4.3,労働八号,「封じられた聖塔：リドルアナ」稀有掉落,,機工都市ゴーグにて発掘された労働型鉄巨人。発見されたときには休眠状態だったが、余っていたクリスタルをはめ込んだところ、動き出して追従してくるようになった。聖石を動力源としていないため、危険はないはずだ
